id,company,contact_person,email,phone,country,source,product_interest,status,stage,created_at,notes
LD0001,Professional Plastics Inc.,Brian Casey,sales@proplas.com,(888)995-7767,USA,web_search,PP hollow sheet/corrugated plastic,contacted,followup1,2026-05-12T08:39:29.718119,"
[更新] 2026-06-17T01:06:31.351544: Distributes Coroplast brand fluted PP sheets - Angola, NY"
LD0002,Professional Plastics Inc.,Mark Casey,m.casey@proplas.com,(888)995-7767,USA,web_search,PP hollow sheet/corrugated plastic,contacted,followup1,2026-05-12T08:39:29.722336,
LD0003,AmeriLux International,Alyssa Birkholz,,(888)602-4441,USA,web_search,PP hollow sheet/corrugated plastic,new,new,2026-05-12T08:39:29.734513,
LD0004,Fresh-Pak Corporation,,info@freshpakcorp.com,(713)690-8742,USA,web_search,PP hollow sheet/corrugated plastic,contacted,followup1,2026-05-12T08:39:29.743430,
LD0005,Box-O-Mania Inc.,Max Tselevich,,,USA,web_search,PP hollow sheet/corrugated plastic,new,new,2026-05-12T08:39:29.750779,
LD0006,Harkness International Corp,,,(352)331-7700,USA,web_search,PP hollow sheet/corrugated plastic,new,new,2026-05-12T08:39:29.759341,
LD0007,Twinplast Ltd,,sales@twinplast.co.uk,+44(0)1923230191,UK,web_search,PP hollow sheet/corrugated plastic,contacted,followup1,2026-05-12T08:39:29.768011,
LD0008,Plastics Wauters,,nw@plasticswauters.be,+32(0)71600400,Belgium,web_search,PP hollow sheet/corrugated plastic,contacted,followup1,2026-05-12T08:39:29.776791,
LD0009,K.D. Feddersen CEE GmbH,,info@kdfeddersen.com,+49 402350701,Germany,web_search,PP hollow sheet/corrugated plastic,contacted,followup1,2026-05-12T08:39:29.785019,
LD0010,Polyflute/Suzhou Huiyuan,Sophia,Sophia@polyflute.com,,China,web_search,PP hollow sheet/corrugated plastic,contacted,followup1,2026-05-12T08:39:29.793685,
LD0011,Coroplast / Great Pacific Enterprises,,,(800)361-5150,USA,web_search,PP hollow sheet/corrugated plastic,new,new,2026-05-12T08:39:29.801696,
LD0012,Professional Plastics Inc.,George Taylor,g.taylor@proplas.com,,USA,web_search,PP hollow sheet/corrugated plastic,contacted,followup1,2026-05-12T08:39:29.810572,
LD0013,HP Products,,info@hpproducts.nl,+31 162 677578,Netherlands,web_search,PP hollow sheet/plastic sheet distributor,contacted,followup1,2026-05-13T01:08:54.794781,General plastics distributor in Raamsdonksveer. Potential importer of PP sheets.
LD0014,ZPH Verpakkingen B.V.,,info@zph-verpakkingen.nl,+31 30 695 9275,Netherlands,web_search,PP hollow sheet/plastic corrugated packaging,contacted,followup1,2026-05-13T01:08:54.797128,"50+ years packaging company specializing in plastics and corrugated. Does import/export. Zeist, Netherlands."
LD0015,De Jong Packaging (Stora Enso),,info@dejongverpakking.com,+31 (0)186 573 990,Netherlands,web_search,PP hollow sheet/corrugated packaging,contacted,followup1,2026-05-13T01:08:54.804298,"Largest corrugated packaging factory in NW Europe. Open to supplier inquiries. De Lier, Netherlands."
LD0016,DS Smith Packaging Tilburg,,packaging.industrial@dssmith.com,+31 (0)13-5371111,Netherlands,web_search,PP hollow sheet/heavy duty corrugated packaging,contacted,followup1,2026-05-13T01:08:54.812064,"Heavy duty corrugated board packaging, pallet boxes, octabins. Tilburg, Netherlands."
LD0017,KIVO Plastics,,info@kivo.nl,+31 299 398800,Netherlands,web_search,PP hollow sheet/plastic packaging,contacted,followup1,2026-05-13T01:08:54.819775,"Sustainable plastic packaging solutions since 1966. Volendam, Netherlands."
LD0018,CurTec International B.V.,,info@curtec.com,+31 88 808 2000,Netherlands,web_search,PP hollow sheet/plastic packaging,contacted,followup1,2026-05-13T01:08:54.829315,"High-performance plastic B2B packaging for pharma, chemicals, food. Rijen, Netherlands."
LD0019,Foresight Plastics & Engineering Sp. z o.o.,,info@foresightplastics.eu,+48 91 607 602 367,Poland,web_search,PP hollow sheet/PP sheet distributor,contacted,followup1,2026-05-13T01:08:54.836768,"Distributes PP sheets and stock shapes. Potential buyer/importer. Szczecin, Poland.
[更新] 2026-05-20T01:06:20.173285: PP hollows and technical plastic sheets distributor"
LD0020,Metalpur Sp. z o.o.,Jacek Stielow,,+48 52 3748571,Poland,web_search,PP hollow sheet/corrugated plastic panels,new,new,2026-05-13T01:08:54.846219,"Has import records for corrugated plastic panels (HS code). Bydgoszcz, Poland. Needs manual follow-up for email."
LD0021,Gediz Ambalaj San. ve Tic. A.S.,Huseyin Husnu Orengul,posta@gedizambalaj.com,+90 274 412 77 88,Turkey,web_search,PP hollow sheet/corrugated PP sheets,contacted,followup1,2026-05-13T01:08:54.854536,"One of biggest corrugated PP sheet manufacturers in Europe since 1982. Kütahya, Turkey. Check website for contact.
[2026-05-15] Email found: posta@gedizambalaj.com. Turkey first corrugated PP maker since 1982. BIST: GEDZA."
LD0022,Corplex UK Ltd,Tabitha Clark,tabitha.clark@corplex.com,+90 274 412 77 88,UK,web_search,PP hollow sheet/Correx fluted polypropylene,contacted,followup1,2026-05-13T01:08:54.864560,"Original UK manufacturer of Correx fluted PP sheets. Also has distribution across Europe. Gloucester, UK.
[更新] 2026-05-20T01:06:20.239503: Original Correx manufacturer in UK"
LD0023,GWP Correx (Macfarlane Group),,correx@gwp.co.uk,+44 1793 754 457,UK,web_search,PP hollow sheet/Correx plastic sheet,contacted,followup1,2026-05-13T01:08:54.874032,"UK largest packaging distributor, major distributor of Correx sheets. Swindon, UK.
[更新] 2026-05-20T01:06:20.229086: UK largest Correx converter, PP sheet supplier
[更新] 2026-06-10T01:06:55.510261: UK largest Correx (PP fluted sheet) distributor, part of Macfarlane Group"
LD0024,Coroplast Fritz Müller GmbH & Co. KG,,marketing@coroplast-group.com,+49 202 2681 0,Germany,web_search,PP hollow sheet/corrugated PP,contacted,followup1,2026-05-13T01:08:54.884159,"Coroplast Group. Wuppertal, Germany. May source fluted PP sheet."
LD0025,Karton S.p.A.,Piera Bressan,,+39 0434 788811,Italy,web_search,PP hollow sheet/corrugated PP sheets,new,new,2026-05-13T01:08:54.894142,"PP corrugated and solid sheets for container glass industry. Sacile, Italy. Contact via website."
LD0026,"Plásticos Lutesor, S.A.",Juan Padro Majem,,+34 938 760 719,Spain,web_search,PP hollow sheet/PP sheet and film,new,new,2026-05-13T01:08:54.904150,"Importer of PP sheet and film. Sant Fruitós de Bages, Barcelona, Spain. Needs manual follow-up."
LD0027,Shree Sai Enterprises,Neerja Gautam,,,India,web_search,PP hollow sheet 3-6mm,new,new,2026-05-13T01:08:54.913437,"IndiaMART verified importer & exporter of PP hollow sheets. Exports to USA, Bangladesh, Saudi Arabia, Nepal. Palghar, Maharashtra, India."
LD0028,Distriplast (Beaulieu International Group),,distriplast.flandre@bintg.com,+33 3 28 29 24 80,France,web_search,PP corrugated sheets,contacted,followup1,2026-05-14T01:10:19.774069,"Leading European manufacturer of PP corrugated sheets, 6 extrusion lines, ISO 9001/14001. Based in Dunkirk, France. Part of Beaulieu International Group (Belgium, 2B revenue)."
LD0029,Stephan Schaumstoffe GmbH,,info@stephan-schaumstoffe.de,+49 6041 969980,Germany,web_search,PP hollow board packaging,contacted,followup1,2026-05-14T01:10:19.777802,"Custom packaging from PP hollow boards, PE foam, and corrugated cardboard. Serves medical, optical, and measurement industries. CO2-neutral production. 50-99 employees. Florstadt, Germany."
LD0030,Laird Plastics Inc.,,sales@lairdplastics.com,(267)738-0380,USA,web_search,PP hollow sheet/corrugated plastic,contacted,followup1,2026-05-14T01:10:19.787460,"Major US plastics distributor with 50+ locations nationwide. HQ Irving, TX. ~446M revenue. Distributes PP sheets, rods, tubing. Established 70+ years."
LD0031,Inteplast Group (CoolSeal USA),Taber Hinkle,coolseal@inteplast.com,(419)666-1111,USA,web_search,PP corrugated boxes/sheets,contacted,followup1,2026-05-14T01:10:19.796423,"CoolSeal USA acquired by Inteplast Group Dec 2024. Manufacturer & wholesaler of corrugated PP sheets/boxes for seafood, automotive, construction. Perrysburg, OH. Inteplast HQ: Livingston, NJ."
LD0032,Hell Kunststoffhandel GmbH,,info@hell-kunststoffhandel.de,+49 2351 678960,Germany,web_search,PP hollow sheet/plastic sheets,contacted,followup1,2026-05-14T01:10:19.805370,"German specialist dealer for semi-finished plastic products including PP, PE, PET sheets and hollow bars. Supplies both small and large quantities. Lüdenscheid, Germany. Est. 2018."
LD0033,Future Packaging and Machinery (Pty) Ltd,Claus Hennings,info@futurepack.co.za,+27 11 794 3310,South Africa,web_search,"PP hollow sheet, corrugated packaging",contacted,followup1,2026-05-15T01:11:17.253642,"One of Southern Africa largest industrial packaging suppliers. Parent: Transpaco. Branches in JHB, Durban, Cape Town, Nelspruit, Bloemfontein. 51-250 employees. MD: Claus Hennings."
LD0034,Kayden Plastics (Pty) Ltd,Jacques Herion,info@kaydenplastics.co.za,,South Africa,web_search,"PP corrugated materials, plastic packaging",contacted,followup1,2026-05-15T01:11:17.257962,"Manufacturer & distributor in Botshabelo, Free State. Founded 2019 by Jacques & Anel Herion. Products: plastic bags, tubing, bubble wrap, corrugated materials. Serves Free State, Northern Cape, Gauteng."
LD0035,Al Taher Chemicals Trading LLC,Dr. Qutubuddin Saify,info@altaherchemicals.com,+971 56 218 4354,UAE,web_search,"PP sheets, industrial chemicals",contacted,followup1,2026-05-15T01:11:17.269358,"ISO 9001:2015 certified. Ajman, UAE. 125-year legacy through Indian parent company. Importer/trader of PP sheets. Serves GCC market. Also has office in Saudi Arabia."
LD0036,P&M Plastics,,info@pmplastics.com.au,+61 7 5535 7544,Australia,web_search,Corflute (PP corrugated sheets),contacted,followup1,2026-05-15T01:11:17.279227,"Queensland-based Corflute distributor & fabricator. Supplies 3/5/8mm corrugated PP sheets. Offers CNC routing, die cutting, creasing. Serves signage, packaging, construction industries."
LD0037,Plastecno,Fernando Marcondes,,+55 11,Brazil,web_search,"PP sheets, industrial plastics",new,new,2026-05-15T01:11:17.290562,"São Paulo distributor/wholesaler since 1990. 10-50 employees, $2-10M revenue. Products: PP, PE, acrylic, polycarbonate sheets/tubes/bars. Active on B2Brazil platform. 10% export."
LD0038,Napco National,Sales Team,salessupport@napconational.com,+966-13-8472288,Saudi Arabia,web_search,"PP corrugated sheets, plastic packaging",contacted,followup1,2026-05-18T01:06:40.715646,"Major Saudi manufacturer of plastic, paper, corrugated and consumer disposables. HQ Dammam. Part of Olayan Group. May import PP sheets and packaging materials. Visit: napconational.com"
LD0039,FIPCO (Filing & Packing Materials Manufacturing Co.),,Info@fipco.com.sa,+966 11 265 2299,Saudi Arabia,web_search,"PP sheets, woven bags, packaging materials",contacted,followup1,2026-05-18T01:06:40.720231,"Riyadh-based packaging manufacturer. Listed on Tadawul (2180). Produces woven PP bags, fabrics, sheets, container liners. May be interested in PP hollow sheets. PO Box 14335 Riyadh 2483."
LD0040,Al Rish Al Khaleeji Trading Co.,,,+966 552295924,Saudi Arabia,web_search,PP corrugated sheets (2-5mm),new,new,2026-05-18T01:06:40.731471,"Sells PP corrugated sheets in Saudi market. Al Kharj, Riyadh. Thicknesses: 2,3,4,5mm. Colors: White, Blue, Yellow. Distributor of corrugated PP sheets."
LD0041,"Mega Plastics Vina Co., Ltd",Sales Dept,megaplasticsvn@vnn.vn,+84-6503-553552,Vietnam,web_search,PP corrugated sheets 2-6mm,contacted,followup1,2026-05-18T01:06:40.743746,"PP corrugated sheet manufacturer in Binh Duong. Uses Korean-imported PP resin. My Phuoc Industrial Park 3, Ben Cat District. www.megaplastics.com.vn. Potential competitor but also potential partner."
LD0042,Dong A Plastic Group Jsc,Ms. Luong Thi Van,export@dag.com.vn,+84 914354587,Vietnam,web_search,"PP sheets, PS sheets, ACP panels",contacted,followup1,2026-05-18T01:06:40.756766,"Large manufacturer/exporter. 9th Fl, Hancorp Plaza, 72 Tran Dang Ninh, Cau Giay, Hanoi. ISO 9001:2008. Products: PP sheet, PS sheet. Exports to UAE, Australia, Canada, US, Mexico."
LD0043,EPP Vietnam Company Limited,,contact@epp.vn,+84 986 002 888,Vietnam,web_search,"PP packaging films, FIBC bags",contacted,followup1,2026-05-18T01:06:40.770333,"20+ years experience. Exports to Australia, USA, Canada, EU. Central Lake 1 Building, Ecopark, Van Giang, Hung Yen. Products: FIBCs, PP woven bags, Kraft PP laminated bags."
LD0044,"Plusfoam Packaging Co., Ltd",Hong Joo Noh,,,Thailand,web_search,"PP corrugated sheets, EPE foam packaging",new,new,2026-05-18T01:06:40.782623,"Trusted Thai manufacturer of protective packaging since 2002. 209/214 Moo.3, Tambon Bung, Amphoe Sriracha, Chonburi 20230. Products: PP corrugated sheets, EPE foam, PE film. Contact via plusfoampack.com."
LD0045,"CPP INTERNATIONAL CORP. Co., Ltd.",,,,Thailand,web_search,PP hollow corrugated board 2-15mm,new,new,2026-05-18T01:06:40.795805,"Manufacturer of PP sheet, board, hollow corrugated board since 2008. 99/225, Bangkok, Thailand. Thickness 2mm-15mm, size up to 2000mm. Custom sizes available."
LD0046,Polylico,,ventas@polylico.com,+52 (55) 5358-8284,Mexico,web_search,Flexible PP packaging films,contacted,followup1,2026-05-18T01:06:40.810157,100% Mexican flexible packaging company. Produces PP packaging solutions. Mexico City area. May be interested in PP hollow sheet products for industrial packaging.
LD0047,TWINWALLS L.L.C.,,contact@emirates.net.ae,+971 4 2676050,UAE,web_search,PP corrugated sheets 2-8mm,contacted,followup1,2026-05-19T01:09:50.082501,"Specialist manufacturer of PP corrugated sheets. Export-oriented to Africa, Europe & Middle East. Lehbab, Dubai."
LD0048,ARABIAN PACKAGING CO. L.L.C.,,info@arabpack.com,+971 4 8802225,UAE,web_search,"Corrugated packaging, PP sheets",contacted,followup1,2026-05-19T01:09:50.089696,"Largest capacity corrugated packaging plant in Middle East. Jebel Ali Industrial Area 2, Dubai. Exports to Saudi Arabia, Kuwait, Oman, Pakistan, Africa."
LD0049,NCT MIDDLE EAST,,sales@nctww.com,+971 4 8817771,UAE,web_search,"PP, PE, PVC, Polystyrene raw materials",contacted,followup1,2026-05-19T01:09:50.104156,"Plastic raw materials trading company in Jebel Ali, Dubai. Potential PP sheet buyer."
LD0050,"VINK PLASTICS SPAIN, SL",,info@vink.com,,Spain,web_search,"PP sheets, PET, PVC, polycarbonate sheets",contacted,followup1,2026-05-19T01:09:50.117696,"Leading distributor of semi-finished plastic materials in Spain. Parent: VINK Holdings (Netherlands, since 1954). Montornès del Vallès, Barcelona."
LD0051,BADYAHPACK,,info@bedyahpack.me,+971 6 882 6388,UAE,web_search,"Corrugated boxes, sheets, rolls",contacted,followup1,2026-05-19T01:09:50.130960,"Packaging manufacturer & supplier in Industrial Area 15, Sharjah, UAE."
LD0052,Emabo Sp. z o.o.,Patrycja Zielińska-Lange,patrycja@emabo.com.pl,+48 881 096 430,Poland,web_search,PP hollow sheet/plastic boards,contacted,followup1,2026-05-20T01:06:20.177906,"Produces plastic-based boards, processes PP, PE, PA"
LD0053,DOMHAR Sp. z o.o.,,biuro@domhar.pl,+48 508 870 461,Poland,web_search,PP packaging bags,contacted,followup1,2026-05-20T01:06:20.189433,Direct importer of PP packaging products
LD0054,Cor Rijken Verpakkingen B.V.,,info@cor-rijken.nl,+31 575-448433,Netherlands,web_search,PP hollow sheet/packaging,contacted,followup1,2026-05-20T01:06:20.198701,"PP sheets, films, laminated packaging distributor"
LD0055,Emil Stahl GmbH & Co. KG,,info@emil-stahl.de,,Germany,web_search,PP hollow chamber sheets,contacted,followup1,2026-05-20T01:06:20.209227,"PP hollow chamber sheets for transport packaging manufacturer
[更新] 2026-06-01T01:06:40.430733: Transport packaging: PP hollow chamber, corrugated cardboard, foam
[更新] 2026-06-17T01:06:31.451441: Manufacturer of transport packaging using PP hollow sheets - Michelau"
LD0056,Dolder-Bigler Deutschland GmbH,Wolfgang Gomm,plastics@dolderbigler.com,+49 176 103 618 16,Germany,web_search,PP compounds/engineering plastics,contacted,followup1,2026-05-20T01:06:20.218244,Distributor of PP compounds and engineering plastics
LD0057,Trent Plastics Fabrications Ltd,,sales@trentplastics.co.uk,+44 1427 611668,UK,web_search,PP fluted corrugated sheet,contacted,followup1,2026-05-20T01:06:20.249259,Large stockist of fluted corrugated PP sheets
LD0058,Smurfit Kappa Diss,,sales.diss@smurfitkappa.co.uk,+44 1379 676 531,UK,web_search,PP corrugated packaging,contacted,followup1,2026-05-20T01:06:20.259578,"Corrugated packaging manufacturer, trade supply"
LD0059,VALOMATEX,,contact@valomatex.com,+33 3 89 20 14 96,France,web_search,PP hollow sheet / plastic material distributor,contacted,followup1,2026-05-21T01:08:40.773200,Plastics material distributor/trader in France - supplies PP homo & copo. Found via Europages. Website: valomatex.com
LD0060,PLASTFINANCES Group,,contact@plastfinances.com,+33 4 74 47 71 00,France,web_search,PP packaging materials,contacted,followup1,2026-05-21T01:08:40.777915,"Manufacturer of plastic packaging using PP. Found via web search. Website: plastfinances.com
[更新] 2026-06-16T01:06:31.254447: Plastic packaging manufacturer specializing in blow moulding, injection moulding. Uses PP/HDPE/LDPE."
LD0061,Nuova Erreplast SRL,,info@nuovaerreplast.it,+39 081 8421259,Italy,web_search,PP packaging / flexible packaging,contacted,followup1,2026-05-21T01:08:40.788849,"Flexible packaging company in Italy. Uses PP materials. Website: nuovaerreplast.it
[更新] 2026-05-25T01:06:01.201301: Italian packaging manufacturer of polyolefin films (PE, PP, OPP), laminated films, stand-up pouches. Potential buyer of PP sheets."
LD0062,Policarta Srl,,info@policarta.it,,Italy,web_search,PP packaging / hollow sheets,contacted,followup1,2026-05-21T01:08:40.800515,Italian packaging company. Website: policarta.it
LD0063,Carton Pack S.p.A.,,lab@cartonpack.com,+39 804771440,Italy,web_search,PP packaging / corrugated packaging,contacted,followup1,2026-05-21T01:08:40.810730,Italian packaging company in Rutigliano (BA). Website: cartonpack.com
LD0064,Sulplast,,sulplast@sulplast.com.br,+55 (19) 3535-6550,Brazil,web_search,PP thermoplastic sheets,contacted,followup1,2026-05-21T01:08:40.822118,Brazilian thermoplastics company in Rio Claro/SP. Website: sulplast.com.br
LD0065,Poly Synthesis Pty Ltd,,contact@polysynthesis.au,1300 GO POLY,Australia,web_search,PP hollow sheet / plastic fabrication,contacted,followup1,2026-05-21T01:08:40.832688,"Australian plastics fabricator serving industrial, mining, infrastructure sectors. Uses PP hollow sheets. Website: polysynthesis.au"
LD0066,Karabulut Plastik San.Tic. Ltd.,Ismail Karabulut,,+90 212 659 61 61,Turkey,web_search,PP plastic raw material importer,new,new,2026-05-21T01:08:40.844197,"Turkish plastic raw materials importer. Handles PP, PE, PS, PC. Website: karabulutplastik.com"
LD0067,Shree Sai Enterprises,Neerja Gautam,,,India,web_search,PP hollow sheet / ESD products,new,new,2026-05-21T01:08:40.856739,"Indian importer of ESD products, tools, materials. Located in Palghar, Maharashtra. Has IEC code for importing."
LD0068,Dante Fernando Entrada Vazquez (CDT),Dante Fernando Entrada Vazquez,,,Mexico,web_search,PP polyethylene/polypropylene,new,new,2026-05-21T01:08:40.869039,Mexican buyer of polypropylene & polyethylene. Also freight forwarding. Found on bossgoo.com
LD0069,Scanfill AB,,scanfill@scanfill.se,+46 411 170 30,Sweden,web_search,PP hollow sheet,contacted,followup1,2026-05-22T01:06:05.605612,"Swedish company specializing in PP, PET, PS thermoforming foil. Contact: Niklas Linde (Sales) niklas.linde@scanfill.se. Website: www.scanfill.se. Ystad, Sweden."
LD0070,Sekisui Alveo S.A.,,info.es@SekisuiAlveo.com,+34 93 680 28 42,Spain,web_search,PP hollow sheet,contacted,followup1,2026-05-22T01:06:05.612048,"Spanish manufacturer of polyolefin foams including PP (Alveolit, Alveolen). Plants in Molins de Rei (Barcelona). Office in Sant Cugat del Vallès. May source PP materials. Website: www.sekisuialveo.com.
[更新] 2026-06-02T01:06:57.317554: Spanish office of Sekisui Alveo - polyolefin foams"
LD0071,GUZMAN POLYMERS S.L.U.,,,+34 963 992 400,Spain,web_search,PP hollow sheet,new,new,2026-05-22T01:06:05.625300,"Direct importer and distributor of PP and PE sheets/coils (0.5-12mm). Food grade, antistatic, UV resistant grades. Part of Hromatka Group (27 countries). Valencia, Spain. Website: guzmanpolymers.es. Email not found publicly."
LD0072,NOVAPOR GmbH & Co KG,,info@novapor.de,,Germany,web_search,PP hollow sheet,contacted,followup1,2026-05-22T01:06:05.639099,"Innovative packaging company in Germany. Products include foam, corrugated cardboard, protective cases. May be interested in PP hollow sheets for protective packaging. Website: www.novapor.com
[更新] 2026-06-01T01:06:40.496404: Innovative packaging - foam, corrugated cardboard, plastic"
LD0073,SIC Consultant,,info@sic-consultant.com,,France,web_search,PP hollow sheet,contacted,followup1,2026-05-22T01:06:05.651741,"French buyer/importer of various plastic materials including PP, LDPE, HDPE, PET, HIPS, GPPS, ABS (recycled and virgin). Based in Marseille, France. Potential buyer for PP hollow sheets."
LD0074,NE Plastics (PPB Ltd),,sales@neplastics.co.uk,020 8308 9990,UK,web_search,PP hollow sheet,contacted,followup1,2026-05-22T01:06:05.665033,"London-based Correx/fluted polypropylene sheet distributor. Now trading under PPB Ltd. Serves signage, packaging, construction sectors. Website: neplastics.co.uk
[更新] 2026-06-10T01:06:55.532139: London-based fluted polypropylene (Correx equivalent) supplier"
LD0075,Trioworld AB,,,+46 37134500,Sweden,web_search,PP hollow sheet,new,new,2026-05-22T01:06:05.679374,"Swedish packaging company producing PE and PP film-based packaging (stretch film, shrink film, industrial packaging). Production in Sweden, Denmark, Netherlands, France. Sales offices in Norway, Finland, Germany, USA. Smålandsstenar, Sweden. Website: trioworld.com"
LD0076,Petpolymers Ind. e Com. Importação de Plásticos,,comercial@petpolymers.com.br,+55 19 3898-1415,Brazil,web_search,PP hollow sheet,contacted,followup1,2026-05-25T01:06:01.158262,"Brazilian plastics importer. Sells plastic bottles for water, cosmetics, chemicals. Potential buyer of PP sheets for packaging."
LD0077,Unipack Limited,,chandra@upack-ltd.com,+971 4 8839440,UAE,web_search,PP hollow sheet,contacted,followup1,2026-05-25T01:06:01.166756,"Plastic packaging material trading company in Jebel Ali, Dubai. Imports packaging materials."
LD0078,Amnah Trading (L.L.C),,amnahplastic@yahoo.com,+971 4 3368837,UAE,web_search,PP hollow sheet,contacted,followup1,2026-05-25T01:06:01.184609,Packaging and packaging materials trading company in Dubai.
LD0079,Plastitalia Group S.r.l.,,info@plastitalia.it,+39 055 8456282,Italy,web_search,PP hollow sheet,contacted,followup1,2026-05-25T01:06:01.215888,"Italian PP packaging manufacturer for dairy and food sector. Uses polypropylene in injection process.
[更新] 2026-06-02T01:06:57.188281: Italian PP injection packaging for food"
LD0080,Pack-Pro,,sales@packpro.co.za,+27 21 553 1558,South Africa,web_search,PP hollow sheet,contacted,followup1,2026-05-25T01:06:01.228782,"Packaging supplier in Cape Town. Distributes corrugated boxes, plastic bags, shrink film. Potential PP sheet buyer.
[更新] 2026-06-01T01:06:40.398562: Packaging supplier - corrugated boxes, plastic bags, shrink film
[更新] 2026-06-10T01:06:55.670227: Cape Town corrugated boxes and plastic packaging supplier"
LD0081,Euro Pack Trading Est,,europack@emirates.net.ae,+971 4 3934468,UAE,web_search,PP hollow sheet,contacted,followup1,2026-05-25T01:06:01.241494,Plastic/polystyrene products supplier in Dubai. Active in packaging materials trading.
LD0082,Rose Plastic Brasil Embalagens Plásticas Ltda.,,info@rose-plastic.com.br,+55 15 3142 3050,Brazil,web_search,PP hollow sheet,contacted,followup1,2026-05-25T01:06:01.252823,"Part of global rose-plastic group. Plastic packaging manufacturer in Sorocaba, SP, Brazil."
LD0083,Mpact Limited,,info@mpactplastics.co.za,+27 11 994 5500,South Africa,web_search,PP hollow sheet/packaging,contacted,followup1,2026-05-26T01:07:34.404041,Largest paper and plastics packaging company in Southern Africa. Mpact Plastics division manufactures rigid plastic packaging.
LD0084,Paraibuna Embalagens,,comunicacao@paraibuna.com.br,+55 24 2006 0800,Brazil,web_search,PP hollow sheet/corrugated packaging,contacted,followup1,2026-05-26T01:07:34.412389,Brazilian packaging company with corrugated focus.
LD0085,Peruplast S.A. (Amcor Peruplast),Luis Chavarri,luis.chavarri@amcor.com,+51 (1) 213 5330,Peru,web_search,PP hollow sheet/plastic packaging,contacted,followup1,2026-05-26T01:07:34.429101,"Peruvian plastic packaging manufacturer, rigid & flexible packaging, blow molding."
LD0086,Zentrum / Inzentrum SA de CV,,,+52 477 292 9736,Mexico,web_search,PP hollow sheet/corrugated plastic sheets,new,new,2026-05-26T01:07:34.447623,Mexican manufacturer of corrugated plastic sheets for returnable packaging.
LD0087,B O Packaging S.A.,Camilo Reyes,,,Chile,web_search,PP hollow sheet/plastic packaging,new,new,2026-05-26T01:07:34.462686,"Chilean importer/exporter of plastic sheets and packaging materials. 2,712 shipment records."
LD0088,KBN Best Plastic Sdn Bhd,,sales@kbbestplas.com,,Malaysia,web_search,PP hollow sheet/plastic products,contacted,followup1,2026-05-26T01:07:34.478246,Plastic products company in Malaysia from B2B directory.
LD0089,"DMT Polymer Co., Ltd",,sales@dmtpolymer.com,,Thailand,web_search,PP hollow sheet/polymer products,contacted,followup1,2026-05-26T01:07:34.493657,Polymer company based in Thailand.
LD0090,"Polyfill Vietnam Co., Ltd",,info@polyfill.com.vn,,Vietnam,web_search,PP hollow sheet/plastic products,contacted,followup1,2026-05-26T01:07:34.508989,Plastic products company in Vietnam.
LD0091,"Yiu Fai Pack Co., Ltd",,yuki@yiufaipack.com,,Taiwan,web_search,PP hollow sheet/packaging,contacted,followup1,2026-05-26T01:07:34.525444,Packaging company based in Taiwan.
LD0092,Pro+ Sourcing / ProPlussourcing,,export@proplussourcing.com,,India,web_search,PP hollow sheet/sourcing,contacted,followup1,2026-05-26T01:07:34.540277,Sourcing and trading company in India.
LD0093,Polymer Partners LLC,,sales@polymerpartners.com,270-869-9000,USA,web_search,PP packaging sheets,contacted,followup1,2026-05-27T01:07:05.565887,Distributor of PP packaging solutions. Found via web search for US PP sheet importers.
LD0094,Mikron Plastik Ambalaj San.Tic.Ltd.Sti.,,info@mikronplastik.com,+90 212 544 53 72,Turkey,web_search,PP bags & packaging,contacted,followup1,2026-05-27T01:07:05.574621,Turkish plastic packaging company. Found via web search for Turkish PP packaging distributors.
LD0095,Loman Plastik,,info@lomanambalaj.com,+90 212 493 11 84,Turkey,web_search,Plastic packaging bags,contacted,followup1,2026-05-27T01:07:05.592090,Turkish plastic packaging manufacturer. Products include OPP/LDPE/HDPE/CPP/PET packaging.
LD0096,Goliteks Kimya,Coskun Saitoglu,coskun@goliteks.com,+90 212 549 26 40,Turkey,web_search,PP raw materials,contacted,followup1,2026-05-27T01:07:05.607280,"Istanbul-based PP raw material distributor. Also distributes PE, PVC, rubber."
LD0097,Antwerp Polimer Kimya,,info@antwerppolimer.com.tr,+90 262 754 75 01,Turkey,web_search,PP & PE compounds,contacted,followup1,2026-05-27T01:07:05.623248,Kocaeli-based polymer compound distributor.
LD0098,VINK Kunststoffen BV,,vink.reclame@nl.vink.com,+31 316 298911,Netherlands,web_search,PP sheets,contacted,followup1,2026-05-27T01:07:05.638588,Leading Dutch distributor of plastic semi-finished products including PP sheets since 1954.
LD0099,Resinex Poland Sp. z o.o.,,resinex.pl@resinex.com,+48 22 441 6000,Poland,web_search,PP distributor,contacted,followup1,2026-05-27T01:07:05.654101,Major Polish distributor of Braskem polypropylene (homo/copolymer/random).
LD0100,Griltex Polska Sp. z o.o.,Maciej Luczak,maciej.luczak@griltex.pl,+48 61 655 37 62,Poland,web_search,PP foil & sheets,contacted,followup1,2026-05-27T01:07:05.669172,Polish manufacturer/distributor of polypropylene foil sheets and HDPE damp proof foil.
LD0101,Hipac Packaging Solutions,,info@hipac.net.au,1300 608 900,Australia,web_search,Packaging materials,contacted,followup1,2026-05-27T01:07:05.684879,"Leading Australian distributor of packaging materials, warehouse consumables & safety supplies."
LD0102,E-Plas NSW,,sales@eplas.com.au,(02) 9620 5144,Australia,web_search,Plastic products,contacted,followup1,2026-05-27T01:07:05.700369,Australian plastic products wholesaler and manufacturer. Based in Seven Hills NSW.
LD0103,Pemara,,info@pemara.com.au,+61 (0)3 9542 7777,Australia,web_search,PP packaging,contacted,followup1,2026-05-27T01:07:05.715830,Australian labels & packaging company. Digital printing onto polypropylene.
LD0104,Fortune Emirates General Trading LLC,Justin,justin@fortuneemirates.com,,UAE,web_search,"PP plastic raw materials, industrial packaging",contacted,followup1,2026-05-28T01:06:30.266112,"GCC trusted partner for industrial chemicals & plastic raw materials. HQ Dubai with Saudi branch. 20+ sales professionals, 60+ markets. Found via Middle East 2026 expo listing."
LD0105,Zilon Trading (PTY) Ltd,,zilon.trading@gmail.com,+27 82 777 3232,South Africa,web_search,"PP bags, FIBC bulk bags, industrial packaging",contacted,followup1,2026-05-28T01:06:30.277475,South African manufacturer & distributor of industrial packaging materials. PP bags and FIBC bulk bags. PP raw material user. Found via PlasticsSA directory.
LD0106,"Vandapac Co., Ltd",,info@vandapac.com,+66 38 468 008,Thailand,web_search,"Plastic packaging, PP materials",contacted,followup1,2026-05-28T01:06:30.293831,"Thai plastic packaging and thermal insulation company. Has dedicated export sales: saleppe@vandapac.com. Factory in Chonburi. Potential PP sheet buyer for packaging applications.
[更新] 2026-05-29T01:05:51.051940: PP hollow sheet / corrugated plastic"
LD0107,"L.Eternal Co., Ltd.",,info@leternalgroup.com,+66 2 114 7000,Thailand,web_search,PP hollow sheet/plastic packaging materials,contacted,followup1,2026-05-28T01:06:30.309612,"Thai importer & distributor of industrial products including plastic, PVC, rubber. Based in Bangkok. Potential buyer of PP sheets for distribution in Thai market."
LD0108,"TML Import Export Trading Co., Ltd",,info@tmlplastics.com,,Vietnam,web_search,"PP, LDPE, HDPE plastic materials trading",contacted,followup1,2026-05-28T01:06:30.326425,"Vietnam-based plastics import/export trading company. Handles PP, LDPE, PET, PVC. HCMC office. Plastics recycling and trading. Potential partner for PP material sourcing."
LD0109,FIPCO (Filling & Packing Materials Mfg. Co.),,marketing@fipco-polypack.com.sa,+966 11 265 2299,Saudi Arabia,web_search,Plastic packaging containers,contacted,followup1,2026-05-29T01:05:50.914161,PP hollow sheet / corrugated plastic for packaging
LD0110,SPPC (Saudi Printing and Packaging Co.),,info@sppc.com.sa,+966 11 2032022,Saudi Arabia,web_search,Packaging group,contacted,followup1,2026-05-29T01:05:50.922858,PP hollow sheet / corrugated plastic for packaging
LD0111,Ayman Trading Est,,ayman_bintalib@hotmail.com,+966 55 8018642,Saudi Arabia,web_search,Importer of plastic containers,contacted,followup1,2026-05-29T01:05:50.938730,PP hollow sheet for packaging
LD0112,EM-PACK DE MÉXICO S.A. DE C.V.,,compras@empackmex.com.mx,+52 5644 1089,Mexico,web_search,Corrugated plastic buyer/distributor,contacted,followup1,2026-05-29T01:05:50.954050,"PP hollow sheet / corrugated plastic - bulk purchasing
[更新] 2026-06-02T01:06:57.237325: Mexican buyer of corrugated plastic boxes - purchasing dept
[更新] 2026-06-10T01:06:55.577618: Mexican leader in corrugated cardboard and corrugated plastic boxes"
LD0113,Eclipse Portafolios,,fzapata@eclipseportafolio.com.mx,+55 5286 1868,Mexico,web_search,PP corrugated sheet manufacturer,contacted,followup1,2026-05-29T01:05:50.972138,"PP hollow sheet / corrugated plastic for industrial packaging
[更新] 2026-06-02T01:06:57.253621: Mexican manufacturer of polypropylene corrugated sheets"
LD0114,Omega FlexiPack Exim,,contact@omegaflexipackexim.com,,India,web_search,Packaging exporter/importer,contacted,followup1,2026-05-29T01:05:50.990090,PP hollow sheet / corrugated plastic packaging
LD0115,Patels Poly Pack,,pppahmedabad@gmail.com,,India,web_search,Packaging materials supplier,contacted,followup1,2026-05-29T01:05:51.005697,PP hollow sheet for packaging
LD0116,Aditya Pack Point,,adityapackpoint@rediffmail.com,,India,web_search,Corrugated boxes distributor,contacted,followup1,2026-05-29T01:05:51.019981,PP hollow sheet / corrugated plastic
LD0117,Nam Thai Son Import-Export JSC,,info@namthaison.com.vn,+84 978 085 577,Vietnam,web_search,Plastic packaging importer,contacted,followup1,2026-05-29T01:05:51.035905,PP hollow sheet for packaging
LD0118,Flexible Packaging Company Ltd (SPPC),,Flexpack@sppc.com.sa,+966 12 6372032,Saudi Arabia,web_search,Flexible plastic packaging,contacted,followup1,2026-05-29T01:05:51.067314,PP hollow sheet for packaging
LD0119,Shreya Enterprises,,shreya212507@gmail.com,,India,web_search,Packaging distributor,contacted,followup1,2026-05-29T01:05:51.083267,PP hollow sheet / corrugated plastic packaging
LD0120,Modi Wrapstar Pvt Ltd,,sales@modwrap.com,,India,web_search,Plastic films manufacturer,contacted,followup1,2026-05-29T01:05:51.099208,PP hollow sheet for packaging
LD0121,Mpact Limited,,info@mpact.co.za,+27 11 994 5500,South Africa,web_search,PP hollow sheet/plastic packaging,contacted,followup1,2026-06-01T01:06:40.388517,Leading plastic packaging company in southern Africa
LD0122,Packaging Plant and Consumables CC,,help@packagingplant.co.za,+27 11 031 6677,South Africa,web_search,PP hollow sheet/packaging,contacted,followup1,2026-06-01T01:06:40.414883,"Packaging distributor - corrugated board, plastic bags"
LD0123,GORDOPACK Gesellschaft für Kunststoffverpackungen mbH,,info@gordopack.de,,Germany,web_search,PP hollow sheet/plastic packaging,contacted,followup1,2026-06-01T01:06:40.446220,"Plastic packaging manufacturer
[更新] 2026-06-17T01:06:31.401006: Plastic packaging manufacturer since 1972"
LD0124,abcMeineVerpackung.de e.K.,,info@meineverpackung.de,,Germany,web_search,PP hollow sheet/packaging,contacted,followup1,2026-06-01T01:06:40.463092,Packaging materials distributor
LD0125,Tillmann Verpackungen Schmalkalden GmbH,,info@tillmann-sm.de,,Germany,web_search,PP hollow sheet/packaging,contacted,followup1,2026-06-01T01:06:40.479456,Packaging from corrugated cardboard and plastics
LD0126,Flexible Reinforcements Ltd,,sales@flexr.co.uk,+44 1282 478222,UK,web_search,PP hollow sheet/polypropylene sheets,contacted,followup1,2026-06-01T01:06:40.512388,"Manufacturer/distributor of polypropylene sheets and PVC sheeting
[更新] 2026-06-17T01:06:31.604215: Distributor of PP sheets and PVC/plastic sheeting - Burnley"
LD0127,J. Ward-Turner Plastics Group,,info@jward-Turnergroup.com,0870 787 0340,UK,web_search,PP hollow sheet/corrugated twin-wall,contacted,followup1,2026-06-01T01:06:40.529863,"UK supplier of corrugated twin-wall and solid polypropylene since 1982
[更新] 2026-06-17T01:06:31.580004: Corrugated twin-wall & solid polypropylene since 1982"
LD0128,Altius USA Corp,,mia@grupoaltius.com,,USA,web_search,PP corrugated boxes,new,new,2026-06-02T01:06:56.987847,"US importer of PP corrugated boxes - Doral, FL"
LD0129,Boox Pbc,Matt,matt@boox.eco,,USA,web_search,PP corrugated boxes,new,new,2026-06-02T01:06:56.996366,"US importer of PP corrugated boxes - Petaluma, CA"
LD0130,Cloudsort Corp,Derek,derek@cloudsort.com,,USA,web_search,PP corrugated packaging,new,new,2026-06-02T01:06:57.012390,"US importer - Bellevue, WA"
LD0131,Coast to Coast Importing LLC,,msexton@coasttocoastimporting.com,,USA,web_search,PP corrugated packaging,new,new,2026-06-02T01:06:57.028326,"US importer - Medley, FL"
LD0132,Elberta Crate and Box Co,,info@elberta.net,,USA,web_search,PP corrugated boxes,new,new,2026-06-02T01:06:57.043814,"US importer - Bainbridge, GA"
LD0133,Green Point Industries Inc,,sales@greenpoint-industries.com,,USA,web_search,PP corrugated packaging,new,new,2026-06-02T01:06:57.061543,"US importer - Long Island City, NY
[更新] 2026-06-10T01:06:55.380188: New York packaging company, potential PP hollow board buyer"
LD0134,Pacific Packaging Products Inc,,info@pacificpkg.com,,USA,web_search,PP corrugated packaging,new,new,2026-06-02T01:06:57.078779,"US importer - Wilmington, MA
[更新] 2026-06-10T01:06:55.423122: Massachusetts-based packaging products company"
LD0135,Quality Packaging and Supplies Inc,,info@qualityps.com,,USA,web_search,PP corrugated packaging,new,new,2026-06-02T01:06:57.093729,"US importer - Oxnard, CA"
LD0136,Southern Container Corp,,sales@scontainers.com,,USA,web_search,PP corrugated boxes,new,new,2026-06-02T01:06:57.108613,"US importer - Wilson, NC"
LD0137,Surpack Corp,,sales@surpackcorp.com,,USA,web_search,PP corrugated packaging,new,new,2026-06-02T01:06:57.124328,"US importer - Encinitas, CA
[更新] 2026-06-10T01:06:55.399723: Encinitas CA packaging solutions provider"
LD0138,Agripak,,agripak@agripak.com,,Italy,web_search,PP hollow profile sheets,contacted,followup1,2026-06-02T01:06:57.140407,Italian manufacturer of hollow profile PP sheets - potential buyer
LD0139,HIPAC SPA,,sales@hipac.it,+39 030 7750610,Italy,web_search,PP film packaging,contacted,followup1,2026-06-02T01:06:57.156145,Italian PP packaging distributor
LD0140,FLEXI SRL,,info@flexigroup.it,+39 0331 565888,Italy,web_search,PP film packaging,new,new,2026-06-02T01:06:57.171981,Italian PP packaging company
LD0141,LGP Packaging,,contact@lgp-packaging.net,+33 03 44 80 27 56,France,web_search,PP corrugated packaging,contacted,followup1,2026-06-02T01:06:57.203823,French corrugated board packaging company
LD0142,International Paper France,,emeapackaging.france@ipaper.com,,France,web_search,PP corrugated packaging,contacted,followup1,2026-06-02T01:06:57.220442,Major corrugated packaging producer with plastic substitution focus
LD0143,INFINITY PACKAGING (L.L.C),,infi2002@eim.ae,+971 4 359 1819,UAE,web_search,PP plastic sheets,contacted,followup1,2026-06-02T01:06:57.269617,Dubai plastic sheets trading company
LD0144,"Atlantic Trading & Logistics Co., Ltd.",Thomas,thomas@atlvietnam.com.vn,,Vietnam,web_search,PP corrugated packaging,new,new,2026-06-02T01:06:57.285194,Vietnam trading/logistics company
LD0145,"NAPLAS Vietnam Plastic Industry Co., Ltd.",Vani,vani@naplasplastic.com,,Vietnam,web_search,PP plastic products,new,new,2026-06-02T01:06:57.301632,Vietnam plastic manufacturer
LD0146,Adele Packaging (Ireland),,,,Ireland,web_search,PP twin wall sheets,new,new,2026-06-02T01:06:57.333691,Irish buyer seeking PP twin wall/corrugated sheets (via exporthub)
LD0147,Verpackungs-Macher GmbH,,,+49 6051 887760,Germany,web_search,PP hollow chamber sheet / fluted polypropylene,new,new,2026-06-03T01:08:54.091752,"Packaging manufacturer & distributor. Products include PP hollow chamber sheets, PE films, bubble wrap, foam. From wlw.de / paper-world.com. Founded 1984 in Gelnhausen."
LD0148,ARTPACK GmbH,,,,Germany,web_search,PP hollow sheet / packaging,new,new,2026-06-03T01:08:54.103399,"Packaging company in Berlin area, from wlw.at. Plastic packaging manufacturing."
LD0149,Consort Plastics 2.0 Pty Ltd,Jason Dolowitz,sales@consortplastics.co.za,011 873 0560,South Africa,web_search,PP hollow sheet / plastic packaging,new,new,2026-06-03T01:08:54.121450,"Plastic bags, tubing, sheeting manufacturer. Based in Johannesburg. Since 1989. Uses LDPE/HDPE/BOPP and PP materials.
[更新] 2026-06-10T01:06:55.691214: Johannesburg plastics manufacturer - plastic bags, tubing, sheeting, shrink wrap"
LD0150,Darnel Embalagens Ltda (Linpac),Ernesto J. Impagliazzo Maceiras,,+55 41 3388-2200,Brazil,web_search,PP hollow sheet / plastic packaging,new,new,2026-06-03T01:08:54.138541,"Packaging importer in Curitiba, PR. Import data shows plastic packaging procurement. 385 employees."
LD0151,Insit Embalagens Ltda,Nelson Fazenda,,+55 11 5516-2000,Brazil,web_search,PP hollow sheet / plastic packaging,new,new,2026-06-03T01:08:54.154236,"Packaging importer in São Paulo, SP. Import data shows plastic packaging procurement. 160 employees."
LD0152,Alibérico Packaging,,info@alibericopackaging.com,+34 911 045 050,Spain,web_search,PP hollow sheet,contacted,followup1,2026-06-04T01:06:30.267197,"Plastic packaging systems, Madrid"
LD0153,Enplast,,info@enplast.es,+34 91 895 07 74,Spain,web_search,PP hollow sheet,contacted,followup1,2026-06-04T01:06:30.280918,"Plastic container manufacturer, Madrid
[更新] 2026-06-16T01:06:31.539585: High-quality plastic containers using blown extrusion technology. Madrid area."
LD0154,NG Plastics S.L. (NGP Projects),,info@ngplastics.es,+34 938 964 949,Spain,web_search,PP hollow sheet,contacted,followup1,2026-06-04T01:06:30.300824,"Plastics and packaging services, Barcelona"
LD0155,TERMOPLASTICOS PERAL SA,,elena@terpesa.com,916422832,Spain,web_search,PP hollow sheet,contacted,followup1,2026-06-04T01:06:30.319199,Plastic injection (PP/PE). ISO 9001. Madrid
LD0156,ODF,,export@odf.fr,+33 235 046 700,France,web_search,PP hollow sheet,contacted,followup1,2026-06-04T01:06:30.338688,"Commercial packaging, Saint-Nicolas-d'Aliermont"
LD0157,Propyplast (Groupe Leygatech),,communication@leygatech.fr,,France,web_search,PP hollow sheet,contacted,followup1,2026-06-04T01:06:30.356611,"CAST PP films for packaging, Retournac"
LD0158,Panelim nv,,sales@panelim.com,+32 51 72 67 60,Belgium,web_search,PP hollow sheet,contacted,followup1,2026-06-04T01:06:30.377639,"Produces plastic hollow plates (PP copo and HDPE), Lichtervelde"
LD0159,Fettweis Emballage,,ad@f-pack.be,+32 87 31 21 41,Belgium,web_search,PP hollow sheet,contacted,followup1,2026-06-04T01:06:30.398268,"PP woven bags, big bags, PE films, Verviers"
LD0160,Tencorr Packaging,,cservice@tencorr.com,+1 905-799-9955,Canada,web_search,PP corrugated sheet/packaging,contacted,followup1,2026-06-05T01:06:59.809057,Packaging distributor
LD0161,Polymershapes,,info@polymershapes.com,,Canada,web_search,PP corrugated plastic sheet,new,new,2026-06-05T01:06:59.820523,Plastic sheet distributor - national
LD0162,Superplastic,,direction@superplastic.be,+32 (0) 42 29 99 37,Belgium,web_search,PP corrugated plastic sheet,new,new,2026-06-05T01:06:59.840854,Plastic sheet supplier
LD0163,Cobelplast N.V.,,customerservice@cobelplast.be,,Belgium,web_search,PP barrier sheets,new,new,2026-06-05T01:06:59.860824,Multi-layer PP sheets manufacturer
LD0164,Allplast Endüstriyel Levhaları,Tolga İlhan,info@allplast.com.tr,,Turkey,web_search,PP industrial sheets,contacted,followup1,2026-06-05T01:06:59.880006,Plastic sheet manufacturer/exporter
LD0165,Mega Polimer ve Teknik Plastik,Emrah Türkan,emrah@megapolimer.com,+90 216 307 67 81,Turkey,web_search,PP sheets/rods/tubes,contacted,followup1,2026-06-05T01:06:59.898026,Technical plastics manufacturer
LD0166,Söhner Kunststofftechnik GmbH,,info@soehner.de,+49 7138 812-200,Germany,web_search,Corrugated plastic packaging PP,contacted,followup1,2026-06-05T01:06:59.916637,"Packaging systems manufacturer
[更新] 2026-06-10T01:06:55.445299: German manufacturer of PP twin-wall sheets and corrugated plastic packaging systems"
LD0167,Salux GmbH,,info@salux.de,+49 (0) 34 64 - 54 15-0,Germany,web_search,PVC/PC corrugated sheets,contacted,followup1,2026-06-05T01:06:59.935258,Sheet manufacturer
LD0168,K3 Kunststoffvertriebscenter & Service GmbH,,info@k-3.de,06027 / 4183 – 0,Germany,web_search,Plastic sheet trading/processing,contacted,followup1,2026-06-05T01:06:59.955339,Plastic sheet distributor
LD0169,LAMINEX Laminados Extruidos Plásticos SA de CV,,,+52 (33) 3837-1750,Mexico,web_search,Corrugated PP sheet LAMICORR,new,new,2026-06-05T01:06:59.977872,Plastic sheet extruder
LD0170,Lamiflex AB,Jonas Tegström,,+46 155 28 02 60,Sweden,web_search,PP twin-wall corrugated sheet,new,new,2026-06-05T01:06:59.997740,Importer/distributor
LD0171,Scala Plastics Poland,,,,Poland,web_search,Plastic sheets,new,new,2026-06-05T01:07:30.327688,
LD0172,Alpha Pack for Carton Industry,,info@alphapack-egypt.com,+202 01002221034,Egypt,web_search,Corrugated packaging / PP hollow board for packaging,contacted,followup1,2026-06-08T01:06:43.908511,Found via web search for Egyptian packaging companies
LD0173,UNIPAKNILE Ltd.,,info@unipaknile.com,+202 38164041,Egypt,web_search,Corrugated packaging solutions / PP hollow board,new,new,2026-06-08T01:06:43.921563,Found via web search for Egyptian packaging companies
LD0174,Bedaya Packing,,sales@bedayapacking.com,+202 201111880002,Egypt,web_search,Corrugated packaging / PP hollow board for food packaging,new,new,2026-06-08T01:06:43.941701,"Found via web search for Egyptian packaging companies
[更新] 2026-06-11T01:06:14.396278: Packaging solutions provider, Egypt"
LD0175,PLASTTEC,,info@plasttec.com,+202 238243445,Egypt,web_search,Rigid plastic packaging / PP hollow board,new,new,2026-06-08T01:06:43.959751,Found via web search for Egyptian packaging companies
LD0176,Sofipack S.A.E,,info@sofipack.com.eg,+202 24142384,Egypt,web_search,Flexible packaging / PP hollow board,new,new,2026-06-08T01:06:43.977317,"Found via web search for Egyptian packaging companies
[更新] 2026-06-08T01:06:44.017358: Found via web search for Egyptian packaging companies
[更新] 2026-06-11T01:06:14.373078: Flexible packaging manufacturer, Egypt market"
LD0177,YES-PAC,,export@yes-pac.com,+202 3832807,Egypt,web_search,IML plastic packaging / PP hollow board,new,new,2026-06-08T01:06:43.995936,Found via web search for Egyptian packaging companies
LD0178,Austcor Packaging,,reception@austcor.com,+61 2 9757 7500,Australia,web_search,PP hollow sheet/corrugated plastic packaging,new,new,2026-06-09T01:07:42.673669,"
[更新] 2026-06-11T01:06:14.419618: Packaging distributor Australia"
LD0179,VIP Packaging,,info@vippackaging.com.au,1800 826 972,Australia,web_search,PP hollow sheet/plastic packaging,new,new,2026-06-09T01:07:42.688271,
LD0180,Class Plastics (Aust) Pty Ltd,,daniel@classplastics.com.au,,Australia,web_search,PP hollow sheet/industrial plastic containers,new,new,2026-06-09T01:07:42.707724,
LD0181,Plastrela Embalagens Flexíveis,,plastrela@plastrela.com.br,+55 51 3736 1122,Brazil,web_search,PP hollow sheet/flexible plastic packaging,contacted,followup1,2026-06-09T01:07:42.728944,
LD0182,For-Plas Embalagens,,tel.icorres@forplasembalagens.com.br,+55 19 3543 2500,Brazil,web_search,PP hollow sheet/plastic packaging,contacted,followup1,2026-06-09T01:07:42.748842,
LD0183,Tecnoval,,info@tecnoval.com.br,+55 12 2124 4400,Brazil,web_search,PP hollow sheet/flexible plastic packaging,contacted,followup1,2026-06-09T01:07:42.767399,
LD0184,Rigesa Celulose Papel e Embalagens,,desiree.martini@rigesa.com.br,+55 19 3707 4161,Brazil,web_search,PP hollow sheet/corrugated packaging,contacted,followup1,2026-06-09T01:07:42.789227,
LD0185,"TPN Flexpak Co., Ltd.",,admin@flexpak.co.th,+66 8 9675 5984,Thailand,web_search,PP hollow sheet/flexible packaging,contacted,followup1,2026-06-09T01:07:42.808335,
LD0186,Thantawan Industry PCL,,info@thantawan.com,+66 2 273 8333,Thailand,web_search,PP hollow sheet/plastic packaging,contacted,followup1,2026-06-09T01:07:42.826242,
LD0187,"NPP Production Supply Co., Ltd.",,info@npp-pro.com,+66 2 809 3209,Thailand,web_search,PP hollow sheet/plastic bottles and containers,contacted,followup1,2026-06-09T01:07:42.843701,
LD0188,"V.P. Plastic Co., Ltd.",,info@vppthai.com,+662 463 0335,Thailand,web_search,PP hollow sheet/plastic products,contacted,followup1,2026-06-09T01:07:42.861868,
LD0189,Napco National,,info@napconational.com,+966-13-847 2288,Saudi Arabia,web_search,PP hollow sheet/plastic packaging,contacted,followup1,2026-06-09T01:07:42.880556,"
[更新] 2026-06-17T01:06:31.757339: Major manufacturer & importer of plastic packaging - Dammam"
LD0190,Rowad National Plastic Co.,,info@rowadplastic.com,+966 11 265 1966,Saudi Arabia,web_search,PP hollow sheet/plastic sheets,contacted,followup1,2026-06-09T01:07:42.899461,
LD0191,Arabian Gulf Manufacturers Co.,,info@agmco.com.sa,+966 13 812 0000,Saudi Arabia,web_search,PP hollow sheet/plastic packaging,contacted,followup1,2026-06-09T01:07:42.919718,
LD0192,National Packing Products Co. (Watan Pac),,info@watanpac.com.sa,+966 11 265 2211,Saudi Arabia,web_search,PP hollow sheet/corrugated packaging,contacted,followup1,2026-06-09T01:07:42.938475,
LD0193,Polipack P.P.H.U sp.j,,,,Poland,web_search,PP hollow sheet/packaging,new,new,2026-06-09T01:07:42.959139,
LD0194,Calpine Containers Inc,Randy Engle,info@calpinecontainers.com,+1 559-225-7463,USA,web_search,PP hollow sheet,contacted,followup1,2026-06-10T01:06:55.363673,California-based container and packaging company
LD0195,FEURER Group GmbH,,info@feurer.com,+49 7135-176-0,Germany,web_search,PP hollow sheet,contacted,followup1,2026-06-10T01:06:55.466740,German packaging company developing transport packaging from polypropylene
LD0196,Karl Verpackungen GmbH,,info@karl-verpackungen.de,,Germany,web_search,PP hollow sheet,contacted,followup1,2026-06-10T01:06:55.487407,German packaging manufacturer from polypropylene films
LD0197,Hinojosa Packaging Group,,bdura@hinojosa.es,+34 639 290154,Spain,web_search,PP hollow sheet,contacted,followup1,2026-06-10T01:06:55.553561,"Major Spanish packaging group with 24 plants across Spain, Portugal, France & Italy"
LD0198,Draka Durango S De Rl De Cv,Alicia López,alicia.lopez@prysmiangroup.com,,Mexico,web_search,PP hollow sheet,contacted,followup1,2026-06-10T01:06:55.601277,Mexican importer/exporter of plastics and packing articles
LD0199,Emirates Polystyrene Industries,,info@epidubai.com,+971 4 8816260,UAE,web_search,PP hollow sheet,contacted,followup1,2026-06-10T01:06:55.626715,"Dubai-based plastic packaging manufacturer, extrusion sheets"
LD0200,Citi Pak (ENPI Group),,info@citipak.ae,+971 6 535 5442,UAE,web_search,PP hollow sheet,contacted,followup1,2026-06-10T01:06:55.648932,Sharjah-based disposable food packaging and containers manufacturer
LD0201,Interpolimeri S.p.A.,,info@interpolimeri.it,+39 049 7663811,Italy,web,PP hollow board,new,new,2026-06-11T01:06:14.329877,"Distributor of PP raw materials, European-wide operations, HQ in Limena (PD)"
LD0202,Maxiplast Sp. z o.o.,,kgasinski@maxiplast.pl,+48 77 4155472,Poland,web,PP hollow board,new,new,2026-06-11T01:06:14.348165,"PP/HDPE bottle manufacturer, certified food packaging, ISO 9001, Wroclaw Poland"
LD0203,Amada Shipping Inc,,info@amadashipping.com,(626) 965-1515,USA,web_search,PP hollow sheet,new,new,2026-06-12T01:07:06.949169,US importer of polypropylene corrugated products from trade case data
LD0204,CGS Mule,,mulebox@cgsmule.com,(775) 358-0923,USA,web_search,PP hollow sheet,new,new,2026-06-12T01:07:06.967757,US importer of PP corrugated boxes - NV
LD0205,Del Tho Industries Inc,,info@del-tho.com,(323) 585-3115,USA,web_search,PP hollow sheet,new,new,2026-06-12T01:07:06.994322,US manufacturer/importer of PP corrugated products - CA
LD0206,Georgia Crate and Basket Co,,sales@gacrate.com,(229) 226-2541,USA,web_search,PP hollow sheet,new,new,2026-06-12T01:07:07.017168,US crate manufacturer/importer of PP corrugated sheets - GA
LD0207,IBS Supplies,,ian@ibssupplies.com,(559) 269-7956,USA,web_search,PP hollow sheet,new,new,2026-06-12T01:07:07.040567,US packaging supplies importer of PP corrugated - CA
LD0208,James Worldwide Inc,,pt@jamesworldwide.com,(562) 924-0800,USA,web_search,PP hollow sheet,new,new,2026-06-12T01:07:07.063231,US importer of polypropylene corrugated products - CA
LD0209,Uni International America Corp,,sales@uniinternational.com,(727) 360-2844,USA,web_search,PP hollow sheet,new,new,2026-06-12T01:07:07.086761,US importer of packaging materials - FL
LD0210,Elite Pak USA LLC,Lonnie,lonnie@elitepak.ca,(519) 429-0852,USA,web_search,PP hollow sheet,new,new,2026-06-15T01:06:42.820505,US corrugated plastic packaging importer/distributor - SC
LD0211,Expressions Global LLC,,info@expressionsglobal.com,(408) 309-3255,USA,web_search,PP hollow sheet,new,new,2026-06-15T01:06:42.840818,US packaging importer - CA
LD0212,Monte Package,,sales@montepkg.com,(269) 849-1722,USA,web_search,PP hollow sheet,new,new,2026-06-15T01:06:42.867609,US packaging distributor - MI
LD0213,RCE Mfg,,sales@rcemanufacturing.com,(631) 856-9005,USA,web_search,PP hollow sheet,new,new,2026-06-15T01:06:42.892352,US corrugated packaging manufacturer - NY
LD0214,Westlake Produce Co,,sales@westlakeproduce.com,(213) 624-8676,USA,web_search,PP hollow sheet,new,new,2026-06-15T01:06:42.915573,US packaging buyer - CA
LD0215,Chase Plastics de México,,info@chaseplastics.com,800-232-4273,Mexico,web_search,PP hollow sheet,new,new,2026-06-15T01:06:42.938564,Plastic sheet distributor including polypropylene
LD0216,Corplex UK Ltd,,correx.sales@corplex.com,+44 (0)1452 316 500,UK,web_search,PP hollow sheet,new,new,2026-06-15T01:06:42.964440,"Correx(R) twin-wall fluted polypropylene sheets manufacturer
[更新] 2026-06-17T01:06:31.528884: Producer of Correx twin-wall polypropylene sheet - Gloucester"
LD0217,Eagle Plastics,,enquiries@eagleplastics.co.uk,0116 276 6363,UK,web_search,PP hollow sheet,new,new,2026-06-15T01:06:42.990673,UK polypropylene sheet distributor
LD0218,ASEMCONNECT VIETNAM,,msd.xph@gmail.com,(+84-24) 38587051,Vietnam,web_search,PP hollow sheet,new,new,2026-06-15T01:06:43.019088,Vietnam plastic packaging import/export company
LD0219,Sam Mfg And Trading One Member Ltd,Dat,datnt@sam.org.vn,0374635463,Vietnam,web_search,PP hollow sheet,new,new,2026-06-15T01:06:43.042656,Vietnam manufacturing and trading company
LD0220,Ribeyron,,contact@ribeyron.com,+33 4 71 61 71 71,France,web_search,PP hollow sheet,contacted,followup1,2026-06-16T01:06:31.272614,Plastic packaging manufacturing company. Potential buyer of PP sheets for packaging.
LD0221,SOFLAC (Sud-Ouest Flaconnage),,soflac@soflac.fr,+33 5 63 41 87 55,France,web_search,PP hollow sheet,new,new,2026-06-16T01:06:31.296650,"Glass and plastic packaging for perfume, cosmetics, pharma and industrial sectors."
LD0222,Aloxe France,,contact@aloxe.one,+33 7 86 22 53 74,France,web_search,PP hollow sheet,new,new,2026-06-16T01:06:31.324385,"Supplier of recycled PET and plastic packaging materials for beverage, food, cosmetics industries."
LD0223,Irplast S.p.A.,,info@irplast.com,+39 0571 9701,Italy,web_search,PP hollow sheet,new,new,2026-06-16T01:06:31.349295,"BOPP films for flexible packaging, labels, adhesive tapes. Large company, potential PP sheet buyer."
LD0224,Pentaplast S.r.l.,,info@pentaplast.it,+39 0547 699040,Italy,web_search,PP hollow sheet,new,new,2026-06-16T01:06:31.373646,Plastic films and packaging company. Plastic sheets manufacturer/distributor.
LD0225,Capp-Plast S.r.l.,,marketing@capp-plast.com,+39 0574 43811,Italy,web_search,PP hollow sheet,new,new,2026-06-16T01:06:31.399838,Plastic packaging solutions company based in Prato.
LD0226,JCOPLASTIC S.p.A.,,luigi.fratello@jcoplastic.com,+39 0828 392111,Italy,web_search,PP hollow sheet,new,new,2026-06-16T01:06:31.430480,Plastic packaging company in Battipaglia. Large manufacturer.
LD0227,ITC Packaging,,,+34 966 554 056,Spain,web_search,PP hollow sheet,new,new,2026-06-16T01:06:31.457595,Rigid plastic packaging (PP and PET) for food & cosmetics. Email format: firstname.lastname@itc-packaging.com
LD0228,METALICOPLASTICO SA - METPLAS,,metplas@metalicoplastico.com,+34 934 741 286,Spain,web_search,PP hollow sheet,contacted,followup1,2026-06-16T01:06:31.485786,Standard plastic packaging for cosmetics & personal care. Barcelona-based.
LD0229,Faca Packaging,,sales@facasa.com,+34 933 779 812,Spain,web_search,PP hollow sheet,new,new,2026-06-16T01:06:31.513635,Plastic packaging for cosmetics & personal care. 50+ years experience. Barcelona.
LD0230,Interplast Co. Ltd (Harwal Group),,abraham.mathew@hcm.ae,+971 50 6314 874,UAE,web_search,PP hollow sheet,new,new,2026-06-16T01:06:31.565053,"PP/PET/PS sheets, flexible packaging manufacturer. ISO certified. Most relevant for PP sheet business."
LD0231,Galaxy Plast LLC (Galaxypack),,,+971 4 320 27 62,UAE,web_search,PP hollow sheet,new,new,2026-06-16T01:06:31.590036,Plastic packaging materials supplier in Dubai. ISO & HACCP accredited. Covers MENA region.
LD0232,Hotpack Global,,,+971 4 805 1888,UAE,web_search,PP hollow sheet,new,new,2026-06-16T01:06:31.615887,"Food packaging - disposable cups, containers, cling film. PP-based packaging. 30+ branches in MENA."
LD0233,Avicos Plastic,,,+971-551452174,UAE,web_search,PP hollow sheet,new,new,2026-06-16T01:06:31.643312,"Polypropylene (PP) sheets supplier. Chemical-resistant. Ajman, UAE."
LD0234,MEGAPERFIL INDÚSTRIA E COMÉRCIO LTDA,,adm@megaperfil.com.br,+55 45 3242-1855,Brazil,web_search,PP hollow sheet,new,new,2026-06-16T01:06:31.674668,Explicitly imports and exports plastic products. Importação e exportação de produtos plásticos.
LD0235,PLÁSTICOS METALMA S/A,,metalma@metalma.com.br,+55 41 2141-6000,Brazil,web_search,PP hollow sheet,new,new,2026-06-16T01:06:31.702042,Sheets and coils manufacturer. Vacuum molding. Chapas e bobinas - Moldagem a vácuo.
LD0236,MasterBrasil Indústria e Comércio de Tintas e Plásticos Ltda,,masterbrasil@masterbrasil.ind.br,+55 41 3249-2925,Brazil,web_search,PP hollow sheet,new,new,2026-06-16T01:06:31.728551,Representation and distribution of plastic materials. Potentially imports PP sheets.
LD0237,PolyPak Packaging,,sales@polypak.com,(323) 264-2400,USA,web_search,PP hollow sheet / Plastic packaging,new,new,2026-06-17T01:06:31.258728,"Poly mailers and packaging importer - Los Angeles, CA"
LD0238,Getty Packaging Corp,,gettypackagingcorp@gmail.com,(917) 688-9868,USA,web_search,PP hollow sheet / Packaging,new,new,2026-06-17T01:06:31.278018,"ImportGenius confirmed US customs importer - Paterson, NJ"
LD0239,Prime Line Packaging,,info@primelinepkg.com,(800) 409-1154,USA,web_search,PP hollow sheet / Packaging,new,new,2026-06-17T01:06:31.302428,"Packaging distributor - South Plainfield, NJ"
LD0240,Metropak,,service@metropak.com,(972) 808-0490,USA,web_search,PP hollow sheet / Plastic packaging,new,new,2026-06-17T01:06:31.327372,"Packaging distributor - Richardson, TX"
LD0241,GEHR Kunststoffwerk,,info@gehr.de,+49 621-8789-0,Germany,web_search,PP hollow sheet / Plastic sheets,new,new,2026-06-17T01:06:31.375754,"Manufacturer of plastic sheets, rods, tubes - Mannheim"
LD0242,rose plastic AG,,info@rose-plastic.de,+49 8388 9200-0,Germany,web_search,PP hollow sheet / Plastic packaging,new,new,2026-06-17T01:06:31.426077,Plastic packaging manufacturer - Hergensweiler
LD0243,NSB Polymers GmbH,,info@nsb-polymers.de,+49 2133 7909017,Germany,web_search,PP hollow sheet / Polymers,new,new,2026-06-17T01:06:31.476211,Trading company specialized in off-grade plastics - Dormagen
LD0244,Globe Packaging (SEJ Distribution),,sales@globepackaging.co.uk,0345 224 3691,UK,web_search,PP hollow sheet / Packaging distributor,new,new,2026-06-17T01:06:31.501308,"Distributor of packaging materials including carrier bags, boxes"
LD0245,International Polymers Ltd,,sales@internationalpolymersltd.com,+44 (0)1926 754094,UK,web_search,PP hollow sheet / Polymer trading,new,new,2026-06-17T01:06:31.555392,Polymer trading & import specialist sourcing PP globally - Leamington Spa
LD0246,Victoria Packaging Ltd,J. Stait,j.stait@victoriapackaging.co.uk,0121 559 0808,UK,web_search,PP hollow sheet / Plastic containers,new,new,2026-06-17T01:06:31.628016,National distributor of plastic containers & packaging
LD0247,Em-Pack de México,,ventas@empackmex.com.mx,(52) 5644 1089,Mexico,web_search,Corrugated plastic sheets/boxes,new,new,2026-06-17T01:06:31.651105,Buy-sell corrugated plastic boxes and packaging - CDMX
LD0248,Vistech Quality Plastic,,info@vistech.mx,+52 81 2169 2438,Mexico,web_search,Corrugated plastic packaging,contacted,followup1,2026-06-17T01:06:31.677008,"Manufacturer of corrugated plastic packaging, plastic bags - Monterrey"
LD0249,Plasticos Del Futuro (Plafusa),,gte.ventas@plafusa.com,(0155) 21227660,Mexico,web_search,Corrugated plastic / Packaging,contacted,followup1,2026-06-17T01:06:31.704421,"Plastics transformation, packaging and printing - 40+ years in Mexico"
LD0250,Cajas Agrícolas S.A. de C.V.,,info@cajasagricolas.com.mx,+52 686 561 8528,Mexico,web_search,Corrugated plastic boxes / Food packaging,contacted,followup1,2026-06-17T01:06:31.730316,Corrugated plastic boxes for the food industry
LD0251,Gulf Packaging System (GPS),,info@gulf-pack.com,+966 12 608 0506,Saudi Arabia,web_search,PP hollow sheet / Plastic packaging,contacted,followup1,2026-06-17T01:06:31.785485,"Plastic packaging for Food, Beverage, Pharma - Jeddah"
LD0252,Asia Plastic & Packaging,,,+966 920006385,Saudi Arabia,web_search,Flexible plastic packaging,new,new,2026-06-17T01:06:31.810938,"Flexible plastic packaging solutions, ISO certified - Riyadh"
LD0253,Al Rabeh Company for Packaging,,malhawbani@gmail.com,+966 12 288 0771,Saudi Arabia,web_search,Packaging materials,contacted,followup1,2026-06-17T01:06:31.836372,Packaging company in Saudi Arabia
